{
    "0": 76.66666666666667,
    "1": 90.0,
    "2": 93.33333333333333,
    "3": 86.66666666666667,
    "4": 96.66666666666667,
    "5": 86.66666666666667,
    "6": 86.66666666666667,
    "7": 73.33333333333333,
    "8": 76.66666666666667,
    "9": 96.66666666666667,
    "10": 80.0,
    "11": 73.33333333333333,
    "12": 83.33333333333334,
    "13": 90.0,
    "14": 86.66666666666667,
    "15": 86.66666666666667,
    "16": 70.0,
    "17": 90.0,
    "18": 86.66666666666667,
    "19": 86.66666666666667,
    "20": 80.0,
    "21": 86.66666666666667,
    "22": 83.33333333333334,
    "23": 86.66666666666667,
    "24": 93.33333333333333,
    "25": 83.33333333333334,
    "26": 86.66666666666667,
    "27": 80.0,
    "28": 80.0,
    "29": 83.33333333333334,
    "30": 96.66666666666667,
    "31": 73.33333333333333,
    "32": 90.0,
    "33": 76.66666666666667,
    "34": 76.66666666666667,
    "35": 76.66666666666667,
    "36": 80.0,
    "37": 90.0,
    "38": 83.33333333333334,
    "39": 90.0,
    "40": 96.66666666666667,
    "41": 90.0,
    "42": 86.66666666666667,
    "43": 96.66666666666667,
    "44": 83.33333333333334,
    "45": 86.66666666666667,
    "46": 76.66666666666667,
    "47": 90.0,
    "48": 83.33333333333334,
    "49": 83.33333333333334,
    "50": 76.66666666666667,
    "51": 90.0,
    "52": 86.66666666666667,
    "53": 90.0,
    "54": 76.66666666666667,
    "55": 83.33333333333334,
    "56": 86.66666666666667,
    "57": 90.0,
    "58": 80.0,
    "59": 83.33333333333334,
    "60": 90.0,
    "61": 86.66666666666667,
    "62": 80.0,
    "63": 90.0,
    "64": 86.66666666666667,
    "65": 90.0,
    "66": 80.0,
    "67": 70.0,
    "68": 86.66666666666667,
    "69": 90.0,
    "70": 80.0,
    "71": 80.0,
    "72": 96.66666666666667,
    "73": 86.66666666666667,
    "74": 83.33333333333334,
    "75": 83.33333333333334,
    "76": 83.33333333333334,
    "77": 83.33333333333334,
    "78": 73.33333333333333,
    "79": 80.0,
    "80": 93.33333333333333,
    "81": 90.0,
    "82": 76.66666666666667,
    "83": 90.0,
    "84": 96.66666666666667,
    "85": 93.33333333333333,
    "86": 93.33333333333333,
    "87": 86.66666666666667,
    "88": 86.66666666666667,
    "89": 96.66666666666667,
    "90": 93.33333333333333,
    "91": 80.0,
    "92": 86.66666666666667,
    "93": 93.33333333333333,
    "94": 96.66666666666667,
    "95": 86.66666666666667,
    "96": 90.0,
    "97": 73.33333333333333,
    "98": 73.33333333333333,
    "99": 80.0,
    "100": 86.66666666666667
}