{
    "0": 76.66666666666667,
    "1": 56.666666666666664,
    "2": 93.33333333333333,
    "3": 90.0,
    "4": 93.33333333333333,
    "5": 93.33333333333333,
    "6": 93.33333333333333,
    "7": 76.66666666666667,
    "8": 70.0,
    "9": 96.66666666666667,
    "10": 93.33333333333333,
    "11": 76.66666666666667,
    "12": 73.33333333333333,
    "13": 90.0,
    "14": 83.33333333333334,
    "15": 90.0,
    "16": 73.33333333333333,
    "17": 86.66666666666667,
    "18": 86.66666666666667,
    "19": 93.33333333333333,
    "20": 83.33333333333334,
    "21": 93.33333333333333,
    "22": 83.33333333333334,
    "23": 90.0,
    "24": 93.33333333333333,
    "25": 83.33333333333334,
    "26": 93.33333333333333,
    "27": 86.66666666666667,
    "28": 86.66666666666667,
    "29": 83.33333333333334,
    "30": 86.66666666666667,
    "31": 73.33333333333333,
    "32": 83.33333333333334,
    "33": 76.66666666666667,
    "34": 80.0,
    "35": 90.0,
    "36": 83.33333333333334,
    "37": 96.66666666666667,
    "38": 86.66666666666667,
    "39": 93.33333333333333,
    "40": 96.66666666666667,
    "41": 86.66666666666667,
    "42": 86.66666666666667,
    "43": 90.0,
    "44": 80.0,
    "45": 90.0,
    "46": 83.33333333333334,
    "47": 96.66666666666667,
    "48": 83.33333333333334,
    "49": 83.33333333333334,
    "50": 80.0,
    "51": 90.0,
    "52": 83.33333333333334,
    "53": 83.33333333333334,
    "54": 80.0,
    "55": 86.66666666666667,
    "56": 83.33333333333334,
    "57": 90.0,
    "58": 83.33333333333334,
    "59": 90.0,
    "60": 90.0,
    "61": 80.0,
    "62": 83.33333333333334,
    "63": 93.33333333333333,
    "64": 90.0,
    "65": 90.0,
    "66": 83.33333333333334,
    "67": 76.66666666666667,
    "68": 93.33333333333333,
    "69": 90.0,
    "70": 83.33333333333334,
    "71": 90.0,
    "72": 96.66666666666667,
    "73": 83.33333333333334,
    "74": 86.66666666666667,
    "75": 96.66666666666667,
    "76": 90.0,
    "77": 80.0,
    "78": 80.0,
    "79": 83.33333333333334,
    "80": 90.0,
    "81": 86.66666666666667,
    "82": 76.66666666666667,
    "83": 93.33333333333333,
    "84": 93.33333333333333,
    "85": 93.33333333333333,
    "86": 86.66666666666667,
    "87": 90.0,
    "88": 90.0,
    "89": 96.66666666666667,
    "90": 90.0,
    "91": 76.66666666666667,
    "92": 90.0,
    "93": 100.0,
    "94": 96.66666666666667,
    "95": 83.33333333333334,
    "96": 93.33333333333333,
    "97": 80.0,
    "98": 70.0,
    "99": 83.33333333333334,
    "100": 96.66666666666667
}